{
    "DecisionTree": {
        "accuracy": 0.9230014114550722,
        "precision": 0.9248132726479429,
        "recall": 0.9230014114550722,
        "time": 77.29576778411865
    },
    "LogisticRegression": {
        "accuracy": 0.9206560612974775,
        "precision": 0.9251294072937063,
        "recall": 0.9206560612974775,
        "time": 413.7473406791687
    },
    "KMeans": {
        "accuracy": 0.6457672266499698,
        "precision": 0.6547015312017636,
        "recall": 0.6457672266499698,
        "time": 248.3131618499756
    },
    "KNN": {
        "accuracy": 0.9069925394517612,
        "precision": 0.9085134044825778,
        "recall": 0.9069925394517612,
        "time": 174.8843801021576
    }
}